no,Panchayaths,Block,District
1,Chemmaruthy,Varkala,Thiruvananthapuram
2,Edava,Varkala,Thiruvananthapuram
3,Elakamon,Varkala,Thiruvananthapuram
4,Manamboor,Varkala,Thiruvananthapuram
5,Ottoor,Varkala,Thiruvananthapuram
6,Cherunniyoor,Varkala,Thiruvananthapuram
7,Vettoor,Varkala,Thiruvananthapuram
8,Kilimanoor,Kilimanoor,Thiruvananthapuram
9,Pazhayakunnumel,Kilimanoor,Thiruvananthapuram
10,Karavaram,Kilimanoor,Thiruvananthapuram
11,Madavoor,Kilimanoor,Thiruvananthapuram
12,Pallickal,Kilimanoor,Thiruvananthapuram
13,Nagaroor,Kilimanoor,Thiruvananthapuram
14,Navaikulam,Kilimanoor,Thiruvananthapuram
15,Pulimath,Kilimanoor,Thiruvananthapuram
16,Anchuthengu,Chirayinkeezhu,Thiruvananthapuram
17,Vakkom,Chirayinkeezhu,Thiruvananthapuram
18,Chirayinkeezhu,Chirayinkeezhu,Thiruvananthapuram
19,Kizhuvilam,Chirayinkeezhu,Thiruvananthapuram
20,Mudakkal,Chirayinkeezhu,Thiruvananthapuram
21,Kadakkavoor,Chirayinkeezhu,Thiruvananthapuram
22,Kallara,Vamanapuram,Thiruvananthapuram
23,Nellanad,Vamanapuram,Thiruvananthapuram
24,Pullampara,Vamanapuram,Thiruvananthapuram
25,Vamanapuram,Vamanapuram,Thiruvananthapuram
26,Pangode,Vamanapuram,Thiruvananthapuram
27,Nanniyode,Vamanapuram,Thiruvananthapuram
28,Peringammala,Vamanapuram,Thiruvananthapuram
29,Manickal,Vamanapuram,Thiruvananthapuram
30,Aryanad,Vellanad,Thiruvananthapuram
31,Poovachal,Vellanad,Thiruvananthapuram
32,Vellanad,Vellanad,Thiruvananthapuram
33,Vithura,Vellanad,Thiruvananthapuram
34,Uzhamalakkal,Vellanad,Thiruvananthapuram
35,Kuttichal,Vellanad,Thiruvananthapuram
36,Tholicode,Vellanad,Thiruvananthapuram
37,Kattakada,Vellanad,Thiruvananthapuram
38,Anad,Nedumangad,Thiruvananthapuram
39,Aruvikkara,Nedumangad,Thiruvananthapuram
40,Panavoor,Nedumangad,Thiruvananthapuram
41,Karakulam,Nedumangad,Thiruvananthapuram
42,Vembayam,Nedumangad,Thiruvananthapuram
43,Andoorkonam,Pothencode,Thiruvananthapuram
44,Kadinamkulam,Pothencode,Thiruvananthapuram
45,Mangalapuram,Pothencode,Thiruvananthapuram
46,Pothencode,Pothencode,Thiruvananthapuram
47,Azhoor,Pothencode,Thiruvananthapuram
48,Balaramapuram,Nemom,Thiruvananthapuram
49,Pallichal,Nemom,Thiruvananthapuram
50,Maranalloor,Nemom,Thiruvananthapuram
51,Malayinkeezh,Nemom,Thiruvananthapuram
52,Vilappil,Nemom,Thiruvananthapuram
53,Vilavoorkal,Nemom,Thiruvananthapuram
54,Kalliyoor,Nemom,Thiruvananthapuram
55,Perumkadavila,Perumkadavila,Thiruvananthapuram
56,Kollayil,Perumkadavila,Thiruvananthapuram
57,Ottasekharamangalam,Perumkadavila,Thiruvananthapuram
58,Aryancode,Perumkadavila,Thiruvananthapuram
59,Kallikkadu,Perumkadavila,Thiruvananthapuram
60,Kunnathukal,Perumkadavila,Thiruvananthapuram
61,Vellarada,Perumkadavila,Thiruvananthapuram
62,Amboori,Perumkadavila,Thiruvananthapuram
63,Athiyannoor,Athiyannoor,Thiruvananthapuram
64,Kanjiramkulam,Athiyannoor,Thiruvananthapuram
65,Karumkulam,Athiyannoor,Thiruvananthapuram
66,Kottukal,Athiyannoor,Thiruvananthapuram
67,Venganoor,Athiyannoor,Thiruvananthapuram
68,Chenkal,Parassala,Thiruvananthapuram
69,Karode,Parassala,Thiruvananthapuram
70,Kulathoor,Parassala,Thiruvananthapuram
71,Parassala,Parassala,Thiruvananthapuram
72,Thirupuram,Parassala,Thiruvananthapuram
73,Poovar,Parassala,Thiruvananthapuram
74,Oachira,Oachira,Kollam
75,Kulasekharapuram,Oachira,Kollam
76,Clappana,Oachira,Kollam
77,Thazhava,Oachira,Kollam
78,Alappad,Oachira,Kollam
79,Thodiyoor,Oachira,Kollam
80,Sasthamcotta,Sasthamcotta,Kollam
81,West Kallada,Sasthamcotta,Kollam
82,Sooranad South,Sasthamcotta,Kollam
83,Poruvazhy,Sasthamcotta,Kollam
84,Kunnathoor,Sasthamcotta,Kollam
85,Sooranad North,Sasthamcotta,Kollam
86,Mynagappally,Sasthamcotta,Kollam
87,Ummannoor,Vettikavala,Kollam
88,Vettikavala,Vettikavala,Kollam
89,Melila,Vettikavala,Kollam
90,Mylom,Vettikavala,Kollam
91,Kulakkada,Vettikavala,Kollam
92,Pavithreswaram,Vettikavala,Kollam
93,Vilakkudy,Pathanapuram,Kollam
94,Thalavoor,Pathanapuram,Kollam
95,Piravanthoor,Pathanapuram,Kollam
96,Pattazhi Vadakkekara,Pathanapuram,Kollam
97,Pattazhi,Pathanapuram,Kollam
98,Pathanapuram,Pathanapuram,Kollam
99,Kulathupuzha,Anchal,Kollam
100,Yeroor,Anchal,Kollam
101,Alayamon,Anchal,Kollam
102,Anchal,Anchal,Kollam
103,Edamulackal,Anchal,Kollam
104,Karavaloor,Anchal,Kollam
105,Thenmala,Anchal,Kollam
106,Aryankavu,Anchal,Kollam
107,Veliyam,Kottarakara,Kollam
108,Pooyappally,Kottarakara,Kollam
109,Kareepra,Kottarakara,Kollam
110,Ezhukone,Kottarakara,Kollam
111,Neduvathoor,Kottarakara,Kollam
112,Perinad,Chittumala,Kollam
113,Kundara,Chittumala,Kollam
114,East Kallada,Chittumala,Kollam
115,Perayam,Chittumala,Kollam
116,Munroethuruth,Chittumala,Kollam
117,Panayam,Chittumala,Kollam
118,Thrikkaruva,Chittumala,Kollam
119,Thekkumbhagom,Chavara,Kollam
120,Chavara,Chavara,Kollam
121,Thevalakkara,Chavara,Kollam
122,Panmana,Chavara,Kollam
123,Neendakara,Chavara,Kollam
124,Mayyanad,Mukhathala,Kollam
125,Thrikkovilvattom,Mukhathala,Kollam
126,Kottamkara,Mukhathala,Kollam
127,Elampalloor,Mukhathala,Kollam
128,Nedumpana,Mukhathala,Kollam
129,Poothakulam,Ithikkara,Kollam
130,Kalluvathukkal,Ithikkara,Kollam
131,Chathannoor,Ithikkara,Kollam
132,Adichanalloor,Ithikkara,Kollam
133,Chirakkara,Ithikkara,Kollam
134,Chithara,Chadayamangalam,Kollam
135,Kadakkal,Chadayamangalam,Kollam
136,Chadayamangalam,Chadayamangalam,Kollam
137,Ittiva,Chadayamangalam,Kollam
138,Velinalloor,Chadayamangalam,Kollam
139,Elamadu,Chadayamangalam,Kollam
140,Nilamel,Chadayamangalam,Kollam
141,Kummil,Chadayamangalam,Kollam
142,Anicadu,Mallappally,Pathanamthitta
143,Kaviyoor,Mallappally,Pathanamthitta
144,Kottanad,Mallappally,Pathanamthitta
145,Kottangal,Mallappally,Pathanamthitta
146,Kallooppara,Mallappally,Pathanamthitta
147,Kunnamthanam,Mallappally,Pathanamthitta
148,Mallappally,Mallappally,Pathanamthitta
149,Kadapra,Pulikeezhu,Pathanamthitta
150,Kuttoor,Pulikeezhu,Pathanamthitta
151,Niranam,Pulikeezhu,Pathanamthitta
152,Nedumpuram,Pulikeezhu,Pathanamthitta
153,Peringara,Pulikeezhu,Pathanamthitta
154,Ayroor,Koipuram,Pathanamthitta
155,Eraviperoor,Koipuram,Pathanamthitta
156,Koipuram,Koipuram,Pathanamthitta
157,Thottappuzhassery,Koipuram,Pathanamthitta
158,Ezhumattoor,Koipuram,Pathanamthitta
159,Puramattom,Koipuram,Pathanamthitta
160,Omalloor,Elanthoor,Pathanamthitta
161,Chenneerkara,Elanthoor,Pathanamthitta
162,Elanthoor,Elanthoor,Pathanamthitta
163,Cherukole,Elanthoor,Pathanamthitta
164,Kozhencherry,Elanthoor,Pathanamthitta
165,Mallappuzhassery,Elanthoor,Pathanamthitta
166,Naranganam,Elanthoor,Pathanamthitta
167,Ranni Pazhavangadi,Ranni,Pathanamthitta
168,Ranni,Ranni,Pathanamthitta
169,Ranni Angadi,Ranni,Pathanamthitta
170,Ranni Perunadu,Ranni,Pathanamthitta
171,Vadaserikara,Ranni,Pathanamthitta
172,Chittar,Ranni,Pathanamthitta
173,Seethathodu,Ranni,Pathanamthitta
174,Naranammoozhy,Ranni,Pathanamthitta
175,Vechoochira,Ranni,Pathanamthitta
176,Konni,Konni,Pathanamthitta
177,Aruvappulam,Konni,Pathanamthitta
178,Pramadom,Konni,Pathanamthitta
179,Mylapra,Konni,Pathanamthitta
180,Vallicode,Konni,Pathanamthitta
181,Thannithodu,Konni,Pathanamthitta
182,Malayalapuzha,Konni,Pathanamthitta
183,Pandalam Thekkekara,Pandalam,Pathanamthitta
184,Thumpamon,Pandalam,Pathanamthitta
185,Aranmula,Pandalam,Pathanamthitta
186,Mezhuveli,Pandalam,Pathanamthitta
187,Kulanada,Pandalam,Pathanamthitta
188,Enadimangalam,Parakkode,Pathanamthitta
189,Erathu,Parakkode,Pathanamthitta
190,Ezhamkulam,Parakkode,Pathanamthitta
191,Kadampanad,Parakkode,Pathanamthitta
192,Kalanjoor,Parakkode,Pathanamthitta
193,Kodumon,Parakkode,Pathanamthitta
194,Pallickal,Parakkode,Pathanamthitta
195,Arookutty,Thycattussery,Alappuzha
196,Chennam Pallippuram,Thycattussery,Alappuzha
197,Panavally,Thycattussery,Alappuzha
198,Perumpalam,Thycattussery,Alappuzha
199,Thycattussery,Thycattussery,Alappuzha
200,Vayalar,Pattanakkad,Alappuzha
201,Pattanakkad,Pattanakkad,Alappuzha
202,Thuravoor,Pattanakkad,Alappuzha
203,Kuthiathod,Pattanakkad,Alappuzha
204,Kodamthuruth,Pattanakkad,Alappuzha
205,Ezhupunna,Pattanakkad,Alappuzha
206,Aroor,Pattanakkad,Alappuzha
207,Mararikulam North,Kanjikuzhy,Alappuzha
208,Kanjikuzhy,Kanjikuzhy,Alappuzha
209,Thanneermukkom,Kanjikuzhy,Alappuzha
210,Cherthala South,Kanjikuzhy,Alappuzha
211,Kadakkarappally,Kanjikuzhy,Alappuzha
212,Aryad,Aryad,Alappuzha
213,Mannancherry,Aryad,Alappuzha
214,Mararikulam South,Aryad,Alappuzha
215,Muhamma,Aryad,Alappuzha
216,Purakkad,Ambalappuzha,Alappuzha
217,Ambalappuzha South,Ambalappuzha,Alappuzha
218,Ambalappuzha North,Ambalappuzha,Alappuzha
219,Punnapra South,Ambalappuzha,Alappuzha
220,Punnapra North,Ambalappuzha,Alappuzha
221,Thalavady,Champakulam,Alappuzha
222,Edathua,Champakulam,Alappuzha
223,Thakazhy,Champakulam,Alappuzha
224,Nedumudi,Champakulam,Alappuzha
225,Champakulam,Champakulam,Alappuzha
226,Kainakary,Champakulam,Alappuzha
227,Muttar,Veliyanad,Alappuzha
228,Veliyanad,Veliyanad,Alappuzha
229,Neelamperoor,Veliyanad,Alappuzha
230,Kavalam,Veliyanad,Alappuzha
231,Pulincunnoo,Veliyanad,Alappuzha
232,Ramankary,Veliyanad,Alappuzha
233,Mulakuzha,Chengannur,Alappuzha
234,Venmoney,Chengannur,Alappuzha
235,Cheriyanad,Chengannur,Alappuzha
236,Ala,Chengannur,Alappuzha
237,Puliyoor,Chengannur,Alappuzha
238,Budhanoor,Chengannur,Alappuzha
239,Pandanad,Chengannur,Alappuzha
240,Thiruvanvandoor,Chengannur,Alappuzha
241,Karthikappally,Haripad,Alappuzha
242,Thrikkunnappuzha,Haripad,Alappuzha
243,Kumarapuram,Haripad,Alappuzha
244,Karuvatta,Haripad,Alappuzha
245,Pallippad,Haripad,Alappuzha
246,Cheruthana,Haripad,Alappuzha
247,Veeyapuram,Haripad,Alappuzha
248,Mavelikara Thekkekara,Mavelikara,Alappuzha
249,Chettikulangara,Mavelikara,Alappuzha
250,Chennithala-Thripperumthura,Mavelikara,Alappuzha
251,Thazhakara,Mavelikara,Alappuzha
252,Mannar,Mavelikara,Alappuzha
253,Nooranad,Bharanickavu,Alappuzha
254,Vallikunnam,Bharanickavu,Alappuzha
255,Bharanickavu,Bharanickavu,Alappuzha
256,Mavelikara Thamarakulam,Bharanickavu,Alappuzha
257,Chunakara,Bharanickavu,Alappuzha
258,Palamel,Bharanickavu,Alappuzha
259,Pathiyoor,Muthukulam,Alappuzha
260,Kandalloor,Muthukulam,Alappuzha
261,Cheppad,Muthukulam,Alappuzha
262,Muthukulam,Muthukulam,Alappuzha
263,Arattupuzha,Muthukulam,Alappuzha
264,Krishnapuram,Muthukulam,Alappuzha
265,Devikulangara,Muthukulam,Alappuzha
266,Chingoli,Muthukulam,Alappuzha
267,Thalayazham,Vaikom,Kottayam
268,Chempu,Vaikom,Kottayam
269,Maravanthuruthu,Vaikom,Kottayam
270,TV Puram,Vaikom,Kottayam
271,Vechoor,Vaikom,Kottayam
272,Udayanapuram,Vaikom,Kottayam
273,Kaduthuruthy,Kaduthuruthy,Kottayam
274,Kallara,Kaduthuruthy,Kottayam
275,Mulakulam,Kaduthuruthy,Kottayam
276,Neezhoor,Kaduthuruthy,Kottayam
277,Thalayolaparambu,Kaduthuruthy,Kottayam
278,Velloor,Kaduthuruthy,Kottayam
279,Aymanam,Ettumanoor,Kottayam
280,Athirampuzha,Ettumanoor,Kottayam
281,Arpookara,Ettumanoor,Kottayam
282,Neendoor,Ettumanoor,Kottayam
283,Kumarakam,Ettumanoor,Kottayam
284,Thiruvarppu,Ettumanoor,Kottayam
285,Kadaplamattom,Uzhavoor,Kottayam
286,Marangattupilly,Uzhavoor,Kottayam
287,Kanakkary,Uzhavoor,Kottayam
288,Veliyannoor,Uzhavoor,Kottayam
289,Kuravilangad,Uzhavoor,Kottayam
290,Uzhavoor,Uzhavoor,Kottayam
291,Ramapuram,Uzhavoor,Kottayam
292,Manjoor,Uzhavoor,Kottayam
293,Bharananganam,Lalam,Kottayam
294,Karoor,Lalam,Kottayam
295,Kozhuvanal,Lalam,Kottayam
296,Kadanad,Lalam,Kottayam
297,Meenachil,Lalam,Kottayam
298,Mutholy,Lalam,Kottayam
299,Melukavu,Erattupetta,Kottayam
300,Moonnilavu,Erattupetta,Kottayam
301,Poonjar,Erattupetta,Kottayam
302,Poonjar Thekkekara,Erattupetta,Kottayam
303,Thalappalam,Erattupetta,Kottayam
304,Teekoy,Erattupetta,Kottayam
305,Thalanad,Erattupetta,Kottayam
306,Thidanad,Erattupetta,Kottayam
307,Akalakunnam,Pampady,Kottayam
308,Elikulam,Pampady,Kottayam
309,Kooroppada,Pampady,Kottayam
310,Pampady,Pampady,Kottayam
311,Pallikkathode,Pampady,Kottayam
312,Meenadom,Pampady,Kottayam
313,Kidangoor,Pampady,Kottayam
314,Manarcad,Pampady,Kottayam
315,Ayarkunnam,Pallom,Kottayam
316,Puthuppally,Pallom,Kottayam
317,Panachikkad,Pallom,Kottayam
318,Vijayapuram,Pallom,Kottayam
319,Kurichy,Pallom,Kottayam
320,Madappally,Madappally,Kottayam
321,Paippad,Madappally,Kottayam
322,Thrickodithanam,Madappally,Kottayam
323,Vakathanam,Madappally,Kottayam
324,Vazhappally,Madappally,Kottayam
325,Chirakkadavu,Vazhoor,Kottayam
326,Kangazha,Vazhoor,Kottayam
327,Nedumkunnam,Vazhoor,Kottayam
328,Vellavoor,Vazhoor,Kottayam
329,Vazhoor,Vazhoor,Kottayam
330,Karukachal,Vazhoor,Kottayam
331,Erumeli,Kanjirappally,Kottayam
332,Kanjirappally,Kanjirappally,Kottayam
333,Koottickal,Kanjirappally,Kottayam
334,Manimala,Kanjirappally,Kottayam
335,Mundakayam,Kanjirappally,Kottayam
336,Parathodu,Kanjirappally,Kottayam
337,Koruthodu,Kanjirappally,Kottayam
338,Adimaly,Adimaly,Idukki
339,Konnathady,Adimaly,Idukki
340,Bisonvalley,Adimaly,Idukki
341,Vellathooval,Adimaly,Idukki
342,Pallivasal,Adimaly,Idukki
343,Marayoor,Devikulam,Idukki
344,Munnar,Devikulam,Idukki
345,Kanthalloor,Devikulam,Idukki
346,Vattavada,Devikulam,Idukki
347,Santhanpara,Devikulam,Idukki
348,Chinnakanal,Devikulam,Idukki
349,Mankulam,Devikulam,Idukki
350,Devikulam,Devikulam,Idukki
351,Edamalakudi,Devikulam,Idukki
352,Pampadumpara,Nedumkandam,Idukki
353,Senapathy,Nedumkandam,Idukki
354,Karunapuram,Nedumkandam,Idukki
355,Rajakkad,Nedumkandam,Idukki
356,Nedumkandam,Nedumkandam,Idukki
357,Udumbanchola,Nedumkandam,Idukki
358,Rajakumary,Nedumkandam,Idukki
359,Vannappuram,Elemdesam,Idukki
360,Udumbanoor,Elemdesam,Idukki
361,Kodikulam,Elemdesam,Idukki
362,Alakode,Elemdesam,Idukki
363,Velliyamattom,Elemdesam,Idukki
364,Karimannoor,Elemdesam,Idukki
365,Kudayathoor,Elemdesam,Idukki
366,Idukki Kanjikuzhy,Idukki,Idukki
367,Vathikudy,Idukki,Idukki
368,Arakulam,Idukki,Idukki
369,Kamakshy,Idukki,Idukki
370,Vazhathope,Idukki,Idukki
371,Mariyapuram,Idukki,Idukki
372,Upputhara,Kattappana,Idukki
373,Vandanmedu,Kattappana,Idukki
374,Kanchiyar,Kattappana,Idukki
375,Erattayar,Kattappana,Idukki
376,Ayyappan Coil,Kattappana,Idukki
377,Chakkupallam,Kattappana,Idukki
378,Muttom,Thodupuzha,Idukki
379,Kumaramangalam,Thodupuzha,Idukki
380,Edavetty,Thodupuzha,Idukki
381,Karimkunnam,Thodupuzha,Idukki
382,Manakkad,Thodupuzha,Idukki
383,Purapuzha,Thodupuzha,Idukki
384,Peruvanthanam,Azhutha,Idukki
385,Kumily,Azhutha,Idukki
386,Kokkayar,Azhutha,Idukki
387,Peermade,Azhutha,Idukki
388,Elappara,Azhutha,Idukki
389,Vandiperiyar,Azhutha,Idukki
390,Chendamangalam,Paravur,Ernakulam
391,Kottuvally,Paravur,Ernakulam
392,Ezhikkara,Paravur,Ernakulam
393,Vadakkekkara,Paravur,Ernakulam
394,Chittattukara,Paravur,Ernakulam
395,Karumallur,Alangad,Ernakulam
396,Varapuzha,Alangad,Ernakulam
397,Alangad,Alangad,Ernakulam
398,Kadungalloor,Alangad,Ernakulam
399,Mookkannur,Angamaly,Ernakulam
400,Thuravoor,Angamaly,Ernakulam
401,Manjapra,Angamaly,Ernakulam
402,Karukutty,Angamaly,Ernakulam
403,Ayyampuzha,Angamaly,Ernakulam
404,Kanjoor,Angamaly,Ernakulam
405,Kalady,Angamaly,Ernakulam
406,Malayattoor Neeleeswaram,Angamaly,Ernakulam
407,Asamannoor,Koovappady,Ernakulam
408,Mudakuzha,Koovappady,Ernakulam
409,Vengoor,Koovappady,Ernakulam
410,Rayamangalam,Koovappady,Ernakulam
411,Koovappady,Koovappady,Ernakulam
412,Okkal,Koovappady,Ernakulam
413,Vengola,Vazhakulam,Ernakulam
414,Vazhakulam,Vazhakulam,Ernakulam
415,Kizhakkambalam,Vazhakulam,Ernakulam
416,Choornikkara,Vazhakulam,Ernakulam
417,Edathala,Vazhakulam,Ernakulam
418,Keezhmad,Vazhakulam,Ernakulam
419,Kadamakudy,Edappally,Ernakulam
420,Cheranalloor,Edappally,Ernakulam
421,Mulavukad,Edappally,Ernakulam
422,Elankunnapuzha,Edappally,Ernakulam
423,Narakal,Vypin,Ernakulam
424,Nayarambalam,Vypin,Ernakulam
425,Edavanakkad,Vypin,Ernakulam
426,Pallippuram,Vypin,Ernakulam
427,Kuzhuppilly,Vypin,Ernakulam
428,Chellanam,Palluruthy,Ernakulam
429,Kumbalanghi,Palluruthy,Ernakulam
430,Kumbalam,Palluruthy,Ernakulam
431,Udayamperoor,Mulanthuruthy,Ernakulam
432,Mulanthuruthy,Mulanthuruthy,Ernakulam
433,Chottanikkara,Mulanthuruthy,Ernakulam
434,Edakkattuvayal,Mulanthuruthy,Ernakulam
435,Amballoor,Mulanthuruthy,Ernakulam
436,Maneed,Mulanthuruthy,Ernakulam
437,Poothrikka,Vadavucode,Ernakulam
438,Thiruvaniyoor,Vadavucode,Ernakulam
439,Vadavucode Puthencruz,Vadavucode,Ernakulam
440,Mazhuvannoor,Vadavucode,Ernakulam
441,Aikaranad,Vadavucode,Ernakulam
442,Kunnathunad,Vadavucode,Ernakulam
443,Paingottoor,Kothamangalam,Ernakulam
444,Nellikuzhi,Kothamangalam,Ernakulam
445,Pindimana,Kothamangalam,Ernakulam
446,Kottappady,Kothamangalam,Ernakulam
447,Kavalangad,Kothamangalam,Ernakulam
448,Varappetty,Kothamangalam,Ernakulam
449,Keerampara,Kothamangalam,Ernakulam
450,Pothanicad,Kothamangalam,Ernakulam
451,Pallarimangalam,Kothamangalam,Ernakulam
452,Kuttampuzha,Kothamangalam,Ernakulam
453,Elanji,Pampakuda,Ernakulam
454,Thirumarady,Pampakuda,Ernakulam
455,Palakuzha,Pampakuda,Ernakulam
456,Pampakuda,Pampakuda,Ernakulam
457,Ramamangalam,Pampakuda,Ernakulam
458,Puthenvelikkara,Parakkadavu,Ernakulam
459,Chengamanad,Parakkadavu,Ernakulam
460,Nedumbassery,Parakkadavu,Ernakulam
461,Parakkadavu,Parakkadavu,Ernakulam
462,Kunnukara,Parakkadavu,Ernakulam
463,Sreemoolanagaram,Parakkadavu,Ernakulam
464,Avoly,Muvattupuzha,Ernakulam
465,Arakuzha,Muvattupuzha,Ernakulam
466,Valakom,Muvattupuzha,Ernakulam
467,Paipra,Muvattupuzha,Ernakulam
468,Kalloorkad,Muvattupuzha,Ernakulam
469,Ayavana,Muvattupuzha,Ernakulam
470,Manjalloor,Muvattupuzha,Ernakulam
471,Marady,Muvattupuzha,Ernakulam
472,Kadappuram,Chavakkad,Thrissur
473,Orumanayur,Chavakkad,Thrissur
474,Punnayur,Chavakkad,Thrissur
475,Punnayurkulam,Chavakkad,Thrissur
476,Vadakkekkad,Chavakkad,Thrissur
477,Choondal,Chowannur,Thrissur
478,Chowannur,Chowannur,Thrissur
479,Kadavallur,Chowannur,Thrissur
480,Kandanassery,Chowannur,Thrissur
481,Kattakampal,Chowannur,Thrissur
482,Porkulam,Chowannur,Thrissur
483,Kadangode,Chowannur,Thrissur
484,Velur,Chowannur,Thrissur
485,Desamangalam,Wadakanchery,Thrissur
486,Erumapetty,Wadakanchery,Thrissur
487,Mullurkara,Wadakanchery,Thrissur
488,Thekkumkara,Wadakanchery,Thrissur
489,Varavoor,Wadakanchery,Thrissur
490,Chelakkara,Pazhayannur,Thrissur
491,Vallathol Nagar,Pazhayannur,Thrissur
492,Kondazhy,Pazhayannur,Thrissur
493,Panjal,Pazhayannur,Thrissur
494,Pazhayannur,Pazhayannur,Thrissur
495,Thiruvilwamala,Pazhayannur,Thrissur
496,Madakkathara,Ollukkara,Thrissur
497,Nadathara,Ollukkara,Thrissur
498,Pananchery,Ollukkara,Thrissur
499,Puthur,Ollukkara,Thrissur
500,Adat,Puzhakkal,Thrissur
501,Avanur,Puzhakkal,Thrissur
502,Kaiparambu,Puzhakkal,Thrissur
503,Mulakunnathukavu,Puzhakkal,Thrissur
504,Tholur,Puzhakkal,Thrissur
505,Kolazhy,Puzhakkal,Thrissur
506,Elavally,Mullassery,Thrissur
507,Mullassery,Mullassery,Thrissur
508,Pavaratty,Mullassery,Thrissur
509,Venkitangu,Mullassery,Thrissur
510,Engandiyur,Thalikulam,Thrissur
511,Vatanappally,Thalikulam,Thrissur
512,Thalikulam,Thalikulam,Thrissur
513,Nattika,Thalikulam,Thrissur
514,Valapad,Thalikulam,Thrissur
515,Anthikad,Anthikad,Thrissur
516,Thanniyam,Anthikad,Thrissur
517,Chazhur,Anthikad,Thrissur
518,Manalur,Anthikad,Thrissur
519,Arimpur,Anthikad,Thrissur
520,Avinissery,Cherpu,Thrissur
521,Cherpu,Cherpu,Thrissur
522,Paralam,Cherpu,Thrissur
523,Vallachira,Cherpu,Thrissur
524,Alagappanagar,Kodakara,Thrissur
525,Kodakara,Kodakara,Thrissur
526,Mattathur,Kodakara,Thrissur
527,Nenmanikkara,Kodakara,Thrissur
528,Pudukad,Kodakara,Thrissur
529,Thrikkur,Kodakara,Thrissur
530,Varandarappilly,Kodakara,Thrissur
531,Karalam,Irinjalakuda,Thrissur
532,Kattoor,Irinjalakuda,Thrissur
533,Muriyad,Irinjalakuda,Thrissur
534,Parappukkara,Irinjalakuda,Thrissur
535,Padiyur,Vellangallur,Thrissur
536,Poomangalam,Vellangallur,Thrissur
537,Puthenchira,Vellangallur,Thrissur
538,Vellangallur,Vellangallur,Thrissur
539,Velukara,Vellangallur,Thrissur
540,Edathiruthy,Mathilakam,Thrissur
541,Kaipamangalam,Mathilakam,Thrissur
542,Mathilakam,Mathilakam,Thrissur
543,Perinjanam,Mathilakam,Thrissur
544,Sreenarayanapuram,Mathilakam,Thrissur
545,Edavilangu,Mathilakam,Thrissur
546,Eriyad,Mathilakam,Thrissur
547,Aloor,Mala,Thrissur
548,Annamanada,Mala,Thrissur
549,Kuzhur,Mala,Thrissur
550,Mala,Mala,Thrissur
551,Poyya,Mala,Thrissur
552,Kadukutty,Chalakudy,Thrissur
553,Kodassery,Chalakudy,Thrissur
554,Koratty,Chalakudy,Thrissur
555,Meloor,Chalakudy,Thrissur
556,Pariyaram,Chalakudy,Thrissur
557,Athirappilly,Chalakudy,Thrissur
558,Anakkara,Trithala,Palakkad
559,Chalissery,Trithala,Palakkad
560,Kappur,Trithala,Palakkad
561,Nagalassery,Trithala,Palakkad
562,Pattithara,Trithala,Palakkad
563,Thirumittacode,Trithala,Palakkad
564,Trithala,Trithala,Palakkad
565,Koppam,Pattambi,Palakkad
566,Kulukkallur,Pattambi,Palakkad
567,Muthuthala,Pattambi,Palakkad
568,Ongallur,Pattambi,Palakkad
569,Paruthur,Pattambi,Palakkad
570,Thiruvegappura,Pattambi,Palakkad
571,Vilayur,Pattambi,Palakkad
572,Ambalappara,Ottapalam,Palakkad
573,Ananganadi,Ottapalam,Palakkad
574,Chalavara,Ottapalam,Palakkad
575,Lakkidi - Perur,Ottapalam,Palakkad
576,Vaniamkulam,Ottapalam,Palakkad
577,Trikkaderi,Ottapalam,Palakkad
578,Vallapuzha,Ottapalam,Palakkad
579,Nellaya,Ottapalam,Palakkad
580,Kadampazhipuram,Sreekrishnapuram,Palakkad
581,Karimpuzha,Sreekrishnapuram,Palakkad
582,Pookkottukavu,Sreekrishnapuram,Palakkad
583,Sreekrishnapuram,Sreekrishnapuram,Palakkad
584,Vellinezhi,Sreekrishnapuram,Palakkad
585,Karakurussi,Sreekrishnapuram,Palakkad
586,Alanallur,Mannarkad,Palakkad
587,Karimba,Mannarkad,Palakkad
588,Kottopadam,Mannarkad,Palakkad
589,Kumaramputhur,Mannarkad,Palakkad
590,Kanhirapuzha,Mannarkad,Palakkad
591,Thachanattukara,Mannarkad,Palakkad
592,Tachampara,Mannarkad,Palakkad
593,Thenkara,Mannarkad,Palakkad
594,Agali,Attappady,Palakkad
595,Pudur,Attappady,Palakkad
596,Sholayoor,Attappady,Palakkad
597,Keralassery,Palakkad,Palakkad
598,Kongad,Palakkad,Palakkad
599,Mankara,Palakkad,Palakkad
600,Mannur,Palakkad,Palakkad
601,Mundur,Palakkad,Palakkad
602,Parali,Palakkad,Palakkad
603,Pirayiri,Palakkad,Palakkad
604,Kottayi,Kuzhalmannam,Palakkad
605,Kuthanur,Kuzhalmannam,Palakkad
606,Kuzhalmannam,Kuzhalmannam,Palakkad
607,Mathur,Kuzhalmannam,Palakkad
608,Peringottukurissi,Kuzhalmannam,Palakkad
609,Thenkurissi,Kuzhalmannam,Palakkad
610,Kannadi,Kuzhalmannam,Palakkad
611,Eruthenpathy,Chittur,Palakkad
612,Kozhinjampara,Chittur,Palakkad
613,Nallepilly,Chittur,Palakkad
614,Perumatty,Chittur,Palakkad
615,Vadakarapathy,Chittur,Palakkad
616,Elappully,Chittur,Palakkad
617,Polpully,Chittur,Palakkad
618,Kollengode,Kollengode,Palakkad
619,Koduvayur,Kollengode,Palakkad
620,Muthalamada,Kollengode,Palakkad
621,Pudunagaram,Kollengode,Palakkad
622,Vadavannur,Kollengode,Palakkad
623,Pattanchery,Kollengode,Palakkad
624,Peruvemba,Kollengode,Palakkad
625,Ayalur,Nemmara,Palakkad
626,Nelliyampathy,Nemmara,Palakkad
627,Elavancherry,Nemmara,Palakkad
628,Pallassana,Nemmara,Palakkad
629,Melarcode,Nemmara,Palakkad
630,Nemmara,Nemmara,Palakkad
631,Vandazhy,Nemmara,Palakkad
632,Alathur,Alathur,Palakkad
633,Erimayur,Alathur,Palakkad
634,Kavassery,Alathur,Palakkad
635,Kizhakkencherry,Alathur,Palakkad
636,Puducode,Alathur,Palakkad
637,Tarur,Alathur,Palakkad
638,Vadakkenchery,Alathur,Palakkad
639,Kannambra,Alathur,Palakkad
640,Akathethara,Malampuzha,Palakkad
641,Malampuzha,Malampuzha,Palakkad
642,Marutharode,Malampuzha,Palakkad
643,Puduppariyaram,Malampuzha,Palakkad
644,Pudusseri,Malampuzha,Palakkad
645,Kodumbu,Malampuzha,Palakkad
646,Chaliyar,Nilambur,Malappuram
647,Chungathara,Nilambur,Malappuram
648,Moothedam,Nilambur,Malappuram
649,Vazhikkadavu,Nilambur,Malappuram
650,Edakkara,Nilambur,Malappuram
651,Pothukallu,Nilambur,Malappuram
652,Amarambalam,Kalikavu,Malappuram
653,Karulai,Kalikavu,Malappuram
654,Kalikavu,Kalikavu,Malappuram
655,Chokkad,Kalikavu,Malappuram
656,Karuvarakundu,Kalikavu,Malappuram
657,Tuvvur,Kalikavu,Malappuram
658,Edappatta,Kalikavu,Malappuram
659,Mampad,Wandoor,Malappuram
660,Pandikkad,Wandoor,Malappuram
661,Porur,Wandoor,Malappuram
662,Thrikkalangodu,Wandoor,Malappuram
663,Thiruvali,Wandoor,Malappuram
664,Wandoor,Wandoor,Malappuram
665,Chelembra,Kondotty,Malappuram
666,Cherukavu,Kondotty,Malappuram
667,Pallikkal,Kondotty,Malappuram
668,Vazhayur,Kondotty,Malappuram
669,Vazhakkad,Kondotty,Malappuram
670,Pulikkal,Kondotty,Malappuram
671,Muthuvalloor,Kondotty,Malappuram
672,Urangattiri,Areacode,Malappuram
673,Kavanur,Areacode,Malappuram
674,Keezhuparamba,Areacode,Malappuram
675,Pulpatta,Areacode,Malappuram
676,Cheacode,Areacode,Malappuram
677,Kuzhimanna,Areacode,Malappuram
678,Areacode,Areacode,Malappuram
679,Edavanna,Areacode,Malappuram
680,Anakkayam,Malappuram,Malappuram
681,Morayur,Malappuram,Malappuram
682,Ponmala,Malappuram,Malappuram
683,Pookkottur,Malappuram,Malappuram
684,Kodur,Malappuram,Malappuram
685,Othukkungal,Malappuram,Malappuram
686,Aliparamba,Perinthalmanna,Malappuram
687,Elamkulam,Perinthalmanna,Malappuram
688,Melattur,Perinthalmanna,Malappuram
689,Keezhattur,Perinthalmanna,Malappuram
690,Thazhekkode,Perinthalmanna,Malappuram
691,Vettathur,Perinthalmanna,Malappuram
692,Pulamanthole,Perinthalmanna,Malappuram
693,Angadippuram,Perinthalmanna,Malappuram
694,Kuruva,Mankada,Malappuram
695,Mankada,Mankada,Malappuram
696,Makkaraparamba,Mankada,Malappuram
697,Moorkkanad,Mankada,Malappuram
698,Koottilangadi,Mankada,Malappuram
699,Puzhakkattiri,Mankada,Malappuram
700,Athavanad,Kuttippuram,Malappuram
701,Edayur,Kuttippuram,Malappuram
702,Irimbiliyam,Kuttippuram,Malappuram
703,Marakkara,Kuttippuram,Malappuram
704,Kuttipuram,Kuttippuram,Malappuram
705,Kalpakanchery,Kuttippuram,Malappuram
706,Abdurahiman Nagar,Vengara,Malappuram
707,Edarikode,Vengara,Malappuram
708,Parappur,Vengara,Malappuram
709,Thennala,Vengara,Malappuram
710,Vengara,Vengara,Malappuram
711,Kannamangalam,Vengara,Malappuram
712,Oorakam,Vengara,Malappuram
713,Thenhipalam,Tirurangadi,Malappuram
714,Vallikkunnu,Tirurangadi,Malappuram
715,Moonniyur,Tirurangadi,Malappuram
716,Nannambra,Tirurangadi,Malappuram
717,Peruvalloor,Tirurangadi,Malappuram
718,Cheriyamundam,Tanur,Malappuram
719,Ozhur,Tanur,Malappuram
720,Tanalur,Tanur,Malappuram
721,Valavannur,Tanur,Malappuram
722,Ponmundam,Tanur,Malappuram
723,Niramaruthur,Tanur,Malappuram
724,Perumanna Klari,Tanur,Malappuram
725,Purathur,Tirur,Malappuram
726,Thalakkad,Tirur,Malappuram
727,Triprangode,Tirur,Malappuram
728,Vettom,Tirur,Malappuram
729,Thirunavaya,Tirur,Malappuram
730,Mangalam,Tirur,Malappuram
731,Tavanur,Ponnani,Malappuram
732,Vattamkulam,Ponnani,Malappuram
733,Edapal,Ponnani,Malappuram
734,Kaladi,Ponnani,Malappuram
735,Alamkode,Perumpadappa,Malappuram
736,Maranchery,Perumpadappa,Malappuram
737,Nannammukku,Perumpadappa,Malappuram
738,Perumpadappa,Perumpadappa,Malappuram
739,Veliancode,Perumpadappa,Malappuram
740,Azhiyur,Vatakara,Kozhikkode
741,Chorode,Vatakara,Kozhikkode
742,Eramala,Vatakara,Kozhikkode
743,Onchiyam,Vatakara,Kozhikkode
744,Chekkiad,Tuneri,Kozhikkode
745,Edacheri,Tuneri,Kozhikkode
746,Purameri,Tuneri,Kozhikkode
747,Tuneri,Tuneri,Kozhikkode
748,Valayam,Tuneri,Kozhikkode
749,Vanimal,Tuneri,Kozhikkode
750,Nadapuram,Tuneri,Kozhikkode
751,Kunnummal,Kunnummal,Kozhikkode
752,Kayakkody,Kunnummal,Kozhikkode
753,Kavilumpara,Kunnummal,Kozhikkode
754,Kuttiadi,Kunnummal,Kozhikkode
755,Maruthonkara,Kunnummal,Kozhikkode
756,Velom,Kunnummal,Kozhikkode
757,Narippatta,Kunnummal,Kozhikkode
758,Ayancheri,Thodannur,Kozhikkode
759,Villiappally,Thodannur,Kozhikkode
760,Maniyur,Thodannur,Kozhikkode
761,Thiruvallur,Thodannur,Kozhikkode
762,Thurayur,Melady,Kozhikkode
763,Keezhariyur,Melady,Kozhikkode
764,Thikkodi,Melady,Kozhikkode
765,Meppayur,Melady,Kozhikkode
766,Cheruvannur,Perambra,Kozhikkode
767,Nochad,Perambra,Kozhikkode
768,Changaroth,Perambra,Kozhikkode
769,Kayanna,Perambra,Kozhikkode
770,Koothali,Perambra,Kozhikkode
771,Perambra,Perambra,Kozhikkode
772,Chakkittapara,Perambra,Kozhikkode
773,Balussery,Balussery,Kozhikkode
774,Naduvannur,Balussery,Kozhikkode
775,Ulliyeri,Balussery,Kozhikkode
776,Kottur,Balussery,Kozhikkode
777,Unnikulum,Balussery,Kozhikkode
778,Panangad,Balussery,Kozhikkode
779,Koorachundu,Balussery,Kozhikkode
780,Chemanchery,Panthalayani,Kozhikkode
781,Arikkulam,Panthalayani,Kozhikkode
782,Moodadi,Panthalayani,Kozhikkode
783,Chengottukavu,Panthalayani,Kozhikkode
784,Atholi,Panthalayani,Kozhikkode
785,Kakkodi,Chelannur,Kozhikkode
786,Chelannur,Chelannur,Kozhikkode
787,Kakkur,Chelannur,Kozhikkode
788,Nanminda,Chelannur,Kozhikkode
789,Narikunni,Chelannur,Kozhikkode
790,Thalakulathur,Chelannur,Kozhikkode
791,Thiruvambadi,Koduvally,Kozhikkode
792,Koodaranhi,Koduvally,Kozhikkode
793,Kizhakkoth,Koduvally,Kozhikkode
794,Madavoor,Koduvally,Kozhikkode
795,Puduppady,Koduvally,Kozhikkode
796,Thamarassery,Koduvally,Kozhikkode
797,Omassery,Koduvally,Kozhikkode
798,Kattippara,Koduvally,Kozhikkode
799,Kodanchery,Koduvally,Kozhikkode
800,Kodiyathur,Kunnamangalam,Kozhikkode
801,Kuruvattoor,Kunnamangalam,Kozhikkode
802,Mavoor,Kunnamangalam,Kozhikkode
803,Karassery,Kunnamangalam,Kozhikkode
804,Kunnamangalam,Kunnamangalam,Kozhikkode
805,Chathamangalam,Kunnamangalam,Kozhikkode
806,Peruvayal,Kunnamangalam,Kozhikkode
807,Perumanna,Kunnamangalam,Kozhikkode
808,Kadalundi,Kozhikkode,Kozhikkode
809,Olavanna,Kozhikkode,Kozhikkode
810,Vellamunda,Mananthavady,Wayanad
811,Thirunelly,Mananthavady,Wayanad
812,Thondernad,Mananthavady,Wayanad
813,Edavaka,Mananthavady,Wayanad
814,Thavinhal,Mananthavady,Wayanad
815,Panamaram,Panamaram,Wayanad
816,Poothadi,Panamaram,Wayanad
817,Mullankolly,Panamaram,Wayanad
818,Pulpally,Panamaram,Wayanad
819,Kaniyambetta,Panamaram,Wayanad
820,Meenangadi,Sulthan Bathery,Wayanad
821,Nenmeni,Sulthan Bathery,Wayanad
822,Ambalavayal,Sulthan Bathery,Wayanad
823,Noolpuzha,Sulthan Bathery,Wayanad
824,Kottathara,Kalpetta,Wayanad
825,Vengappally,Kalpetta,Wayanad
826,Vythiri,Kalpetta,Wayanad
827,Muttil,Kalpetta,Wayanad
828,Pozhuthana,Kalpetta,Wayanad
829,Thariode,Kalpetta,Wayanad
830,Padinharathara,Kalpetta,Wayanad
831,Meppadi,Kalpetta,Wayanad
832,Muppainad,Kalpetta,Wayanad
833,Kunhimangalam,Payyannur,Kannur
834,Ramanthali,Payyannur,Kannur
835,Karivellur Peralam,Payyannur,Kannur
836,Kankol - Alappadamba,Payyannur,Kannur
837,Eramam Kuttur,Payyannur,Kannur
838,Peringome Vayakkara,Payyannur,Kannur
839,Cherupuzha,Payyannur,Kannur
840,Cheruthazham,Kalliasseri,Kannur
841,Ezhome,Kalliasseri,Kannur
842,Madayi,Kalliasseri,Kannur
843,Mattool,Kalliasseri,Kannur
844,Cherukunnu,Kalliasseri,Kannur
845,Kalliasseri,Kalliasseri,Kannur
846,Kannapuram,Kalliasseri,Kannur
847,Narath,Kalliasseri,Kannur
848,Pattuvam,Thalipparamba,Kannur
849,Chengalayi,Thalipparamba,Kannur
850,Kurumathur,Thalipparamba,Kannur
851,Pariyaram,Thalipparamba,Kannur
852,Chapparapadava,Thalipparamba,Kannur
853,Naduvil,Thalipparamba,Kannur
854,Udayagiri,Thalipparamba,Kannur
855,Alakode,Thalipparamba,Kannur
856,Kadannappally Panapuzha,Thalipparamba,Kannur
857,Eruvessy,Irikkur,Kannur
858,Irikkur,Irikkur,Kannur
859,Malappattam,Irikkur,Kannur
860,Payyavoor,Irikkur,Kannur
861,Kuttiattoor,Irikkur,Kannur
862,Mayyil,Irikkur,Kannur
863,Padiyoor,Irikkur,Kannur
864,Ulikkal,Irikkur,Kannur
865,Chirakkal,Kannur,Kannur
866,Valapattanam,Kannur,Kannur
867,Azhikode,Kannur,Kannur
868,Pappinisseri,Kannur,Kannur
869,Kadambur,Edakkad,Kannur
870,Chembilode,Edakkad,Kannur
871,Munderi,Edakkad,Kannur
872,Peralassery,Edakkad,Kannur
873,Kolachery,Edakkad,Kannur
874,Dharmadam,Thalassery,Kannur
875,Eranholi,Thalassery,Kannur
876,Pinarayi,Thalassery,Kannur
877,New Mahe,Thalassery,Kannur
878,Muzhappilangad,Thalassery,Kannur
879,Anjarakandy,Thalassery,Kannur
880,Vengad,Thalassery,Kannur
881,Kadirur,Panoor,Kannur
882,Chokli,Panoor,Kannur
883,Mokeri,Panoor,Kannur
884,Panniyannur,Panoor,Kannur
885,Triprangottoor,Kuthuparamba,Kannur
886,Chittariparamba,Kuthuparamba,Kannur
887,Kunnothuparamba,Kuthuparamba,Kannur
888,Mangattidam,Kuthuparamba,Kannur
889,Pattiam,Kuthuparamba,Kannur
890,Kottayam,Kuthuparamba,Kannur
891,Aralam,Iritty,Kannur
892,Ayyankunnu,Iritty,Kannur
893,Keezhallur,Iritty,Kannur
894,Thillankery,Iritty,Kannur
895,Koodali,Iritty,Kannur
896,Payam,Iritty,Kannur
897,Kanichar,Peravoor,Kannur
898,Kelakam,Peravoor,Kannur
899,Kottiyoor,Peravoor,Kannur
900,Muzhakkunnu,Peravoor,Kannur
901,Kolayad,Peravoor,Kannur
902,Malur,Peravoor,Kannur
903,Peravoor,Peravoor,Kannur
904,Mangalpady,Manjesaram,Kasaragod
905,Vorkady,Manjesaram,Kasaragod
906,Puthige,Manjesaram,Kasaragod
907,Meenja,Manjesaram,Kasaragod
908,Manjeshwar,Manjesaram,Kasaragod
909,Paivalike,Manjesaram,Kasaragod
910,Enmakaje,Manjesaram,Kasaragod
911,Bellur,Karadka,Kasaragod
912,Kumbadaje,Karadka,Kasaragod
913,Muliyar,Karadka,Kasaragod
914,Karadka,Karadka,Kasaragod
915,Delampady,Karadka,Kasaragod
916,Bedadka,Karadka,Kasaragod
917,Kuttikol,Karadka,Kasaragod
918,Chengala,Kasaragod,Kasaragod
919,Chemnad,Kasaragod,Kasaragod
920,Madhur,Kasaragod,Kasaragod
921,Mogral Puthur,Kasaragod,Kasaragod
922,Badiadka,Kasaragod,Kasaragod
923,Kumbla,Kasaragod,Kasaragod
924,Udma,Kanhangad,Kasaragod
925,Ajanur,Kanhangad,Kasaragod
926,Madikai,Kanhangad,Kasaragod
927,Pallikere,Kanhangad,Kasaragod
928,Pullur Periya,Kanhangad,Kasaragod
929,Balal,Parappa,Kasaragod
930,Kodom Belur,Parappa,Kasaragod
931,Panathady,Parappa,Kasaragod
932,Kallar,Parappa,Kasaragod
933,East Eleri,Parappa,Kasaragod
934,West Eleri,Parappa,Kasaragod
935,Kinanoor - Karinthalam,Parappa,Kasaragod
936,Cheruvathur,Nileswaram,Kasaragod
937,Kayyur Cheemeni,Nileswaram,Kasaragod
938,Pilicode,Nileswaram,Kasaragod
939,Trikarpur,Nileswaram,Kasaragod
940,Valiyaparamba,Nileswaram,Kasaragod
941,Padne,Nileswaram,Kasaragod
